{"1": 37.26133849153308, "2": 37.275795474599256, "3": 37.29025245766543, "4": 37.30470944073161, "5": 37.31916642379778, "6": 37.33362340686396, "7": 37.34808038993013, "8": 37.36253737299631, "9": 37.37699435606248, "10": 37.39145133912866, "11": 37.40590832219483, "12": 37.42036530526101, "13": 37.43482228832718, "14": 37.44927927139336, "15": 37.46373625445953, "16": 37.47819323752571, "17": 37.492650220591884, "18": 37.50710720365806, "19": 37.521564186724234, "20": 37.53602116979041, "21": 37.550478152856584, "22": 37.56493513592276, "23": 37.579392118988935, "24": 37.59384910205511, "25": 37.608306085121285, "26": 37.62276306818746, "27": 37.637220051253635, "28": 37.65167703431981, "29": 37.666134017385986, "30": 37.68059100045216, "31": 37.695047983518336, "32": 37.70950496658451, "33": 37.723961949650686, "34": 37.73841893271686, "35": 37.75287591578304, "36": 37.76733289884921, "37": 37.78178988191539, "38": 37.79624686498156, "39": 37.81070384804774, "40": 37.82516083111391, "41": 37.83961781418009, "42": 37.85407479724626, "43": 37.86853178031244, "44": 37.88298876337861, "45": 37.89744574644479, "46": 37.91190272951096, "47": 37.92635971257714, "48": 37.94081669564331, "49": 37.95527367870949, "50": 37.969730661775664, "51": 37.98418764484184, "52": 37.998644627908014, "53": 38.01310161097419, "54": 38.027558594040364, "55": 38.04201557710654, "56": 38.056472560172715, "57": 38.07092954323889, "58": 38.085386526305065, "59": 38.09984350937124, "60": 38.114300492437415, "61": 38.12875747550359, "62": 38.143214458569766, "63": 38.15767144163594, "64": 38.172128424702116, "65": 38.18658540776829, "66": 38.201042390834466, "67": 38.21549937390064, "68": 38.22995635696682, "69": 38.24441334003299, "70": 38.25887032309917, "71": 38.27332730616534, "72": 38.28778428923152, "73": 38.30224127229769, "74": 38.31669825536387, "75": 38.33115523843004, "76": 38.34561222149622, "77": 38.36006920456239, "78": 38.37452618762857, "79": 38.38898317069474, "80": 38.40344015376092, "81": 38.417897136827094, "82": 38.43235411989327, "83": 38.446811102959444, "84": 38.46126808602562, "85": 38.475725069091794, "86": 38.49018205215797, "87": 38.504639035224145, "88": 38.51909601829032, "89": 38.533553001356495, "90": 38.54800998442267, "91": 38.562466967488845, "92": 38.57692395055502, "93": 38.591380933621195, "94": 38.60583791668737, "95": 38.620294899753546, "96": 38.63475188281972, "97": 38.649208865885896, "98": 38.66366584895207, "99": 38.678122832018246, "100": 38.69257981508442, "101": 38.7070367981506, "102": 38.72149378121677, "103": 38.73595076428295, "104": 38.75040774734912, "105": 38.7648647304153, "106": 38.77932171348147, "107": 38.79377869654765, "108": 38.80823567961382, "109": 38.82269266268, "110": 38.83714964574617, "111": 38.85160662881235, "112": 38.86606361187852, "113": 38.8805205949447, "114": 38.894977578010874, "115": 38.90943456107705, "116": 38.923891544143224, "117": 38.9383485272094, "118": 38.952805510275574, "119": 38.96726249334175, "120": 38.981719476407925, "121": 38.9961764594741, "122": 39.010633442540275, "123": 39.02509042560645, "124": 39.039547408672625, "125": 39.0540043917388, "126": 39.068461374804976, "127": 39.08291835787115, "128": 39.097375340937326, "129": 39.1118323240035, "130": 39.126289307069676, "131": 39.14074629013585, "132": 39.15520327320203, "133": 39.1696602562682, "134": 39.18411723933438, "135": 39.19857422240055, "136": 39.21303120546673, "137": 39.2274881885329, "138": 39.24194517159908, "139": 39.25640215466525, "140": 39.27085913773143, "141": 39.2853161207976, "142": 39.29977310386378, "143": 39.31423008692995, "144": 39.32868706999613, "145": 39.343144053062304, "146": 39.35760103612848, "147": 39.372058019194654, "148": 39.38651500226083, "149": 39.400971985327004, "150": 39.41542896839318, "151": 39.429885951459354, "152": 39.44434293452553, "153": 39.458799917591705, "154": 39.47325690065788, "155": 39.487713883724055, "156": 39.50217086679023, "157": 39.516627849856405, "158": 39.53108483292258, "159": 39.545541815988756, "160": 39.55999879905493, "161": 39.574455782121106, "162": 39.58891276518728, "163": 39.603369748253456, "164": 39.61782673131963, "165": 39.63228371438581, "166": 39.64674069745198, "167": 39.66119768051816, "168": 39.67565466358433, "169": 39.69011164665051, "170": 39.70456862971668, "171": 39.71902561278286, "172": 39.73348259584903, "173": 39.74793957891521, "174": 39.76239656198138, "175": 39.77685354504756, "176": 39.79131052811373, "177": 39.80576751117991, "178": 39.820224494246084, "179": 39.83468147731226, "180": 39.849138460378434, "181": 39.86359544344461, "182": 39.878052426510784, "183": 39.89250940957696, "184": 39.906966392643135, "185": 39.92142337570931, "186": 39.935880358775485, "187": 39.95033734184166, "188": 39.964794324907835, "189": 39.97925130797401, "190": 39.993708291040186, "191": 40.00816527410636, "192": 40.022622257172536, "193": 40.03707924023871, "194": 40.051536223304886, "195": 40.06599320637106, "196": 40.08045018943724, "197": 40.09490717250341, "198": 40.10936415556959, "199": 40.12382113863576, "200": 40.13827812170194, "201": 40.15273510476811, "202": 40.16719208783429, "203": 40.18164907090046, "204": 40.19610605396664, "205": 40.21056303703281, "206": 40.22502002009899, "207": 40.23947700316516, "208": 40.25393398623134, "209": 40.26839096929751, "210": 40.28284795236369, "211": 40.297304935429864, "212": 40.31176191849604, "213": 40.326218901562214, "214": 40.34067588462839, "215": 40.355132867694564, "216": 40.36958985076074, "217": 40.384046833826915, "218": 40.39850381689309, "219": 40.412960799959265, "220": 40.42741778302544, "221": 40.441874766091615, "222": 40.45633174915779, "223": 40.470788732223966, "224": 40.48524571529014, "225": 40.499702698356316, "226": 40.51415968142249, "227": 40.528616664488666, "228": 40.54307364755484, "229": 40.55753063062102, "230": 40.57198761368719, "231": 40.58644459675337, "232": 40.60090157981954, "233": 40.61535856288572, "234": 40.62981554595189, "235": 40.64427252901807, "236": 40.65872951208424, "237": 40.67318649515042, "238": 40.68764347821659, "239": 40.70210046128277, "240": 40.71655744434894, "241": 40.73101442741512, "242": 40.745471410481294, "243": 40.75992839354747, "244": 40.774385376613644, "245": 40.78884235967982, "246": 40.803299342745994, "247": 40.81775632581217, "248": 40.832213308878345, "249": 40.84667029194452, "250": 40.861127275010695, "251": 40.87558425807687, "252": 40.890041241143045, "253": 40.90449822420922, "254": 40.918955207275395, "255": 40.93341219034157, "256": 40.947869173407746, "257": 40.96232615647392, "258": 40.976783139540096, "259": 40.99124012260627, "260": 41.005697105672446, "261": 41.02015408873862, "262": 41.0346110718048, "263": 41.04906805487097, "264": 41.06352503793715, "265": 41.07798202100332, "266": 41.0924390040695, "267": 41.10689598713567, "268": 41.12135297020185, "269": 41.13580995326802, "270": 41.1502669363342, "271": 41.16472391940037, "272": 41.17918090246655, "273": 41.19363788553272, "274": 41.2080948685989, "275": 41.222551851665074, "276": 41.23700883473125, "277": 41.251465817797424, "278": 41.2659228008636, "279": 41.280379783929774, "280": 41.29483676699595, "281": 41.309293750062125, "282": 41.3237507331283, "283": 41.338207716194475, "284": 41.35266469926065, "285": 41.367121682326825, "286": 41.381578665393, "287": 41.396035648459176, "288": 41.41049263152535, "289": 41.424949614591526, "290": 41.4394065976577, "291": 41.453863580723876, "292": 41.46832056379005, "293": 41.48277754685623, "294": 41.4972345299224, "295": 41.51169151298858, "296": 41.52614849605475, "297": 41.54060547912093, "298": 41.5550624621871, "299": 41.56951944525328, "300": 41.58397642831945, "301": 41.59843341138563, "302": 41.6128903944518, "303": 41.62734737751798, "304": 41.64180436058415, "305": 41.65626134365033, "306": 41.670718326716504, "307": 41.68517530978268, "308": 41.699632292848854, "309": 41.71408927591503,