{"1": -124.51145150846692, "2": -124.49699452540075, "3": -124.48253754233458, "4": -124.46808055926842, "5": -124.45362357620225, "6": -124.43916659313608, "7": -124.42470961006991, "8": -124.41025262700374, "9": -124.39579564393757, "10": -124.3813386608714, "11": -124.36688167780524, "12": -124.35242469473907, "13": -124.3379677116729, "14": -124.32351072860673, "15": -124.30905374554057, "16": -124.2945967624744, "17": -124.28013977940823, "18": -124.26568279634206, "19": -124.2512258132759, "20": -124.23676883020973, "21": -124.22231184714356, "22": -124.20785486407739, "23": -124.19339788101122, "24": -124.17894089794505, "25": -124.16448391487889, "26": -124.15002693181272, "27": -124.13556994874655, "28": -124.12111296568038, "29": -124.10665598261421, "30": -124.09219899954805, "31": -124.07774201648188, "32": -124.06328503341571, "33": -124.04882805034954, "34": -124.03437106728337, "35": -124.0199140842172, "36": -124.00545710115104, "37": -123.99100011808487, "38": -123.9765431350187, "39": -123.96208615195253, "40": -123.94762916888637, "41": -123.9331721858202, "42": -123.91871520275403, "43": -123.90425821968786, "44": -123.8898012366217, "45": -123.87534425355553, "46": -123.86088727048936, "47": -123.84643028742319, "48": -123.83197330435702, "49": -123.81751632129085, "50": -123.80305933822468, "51": -123.78860235515852, "52": -123.77414537209235, "53": -123.75968838902618, "54": -123.74523140596001, "55": -123.73077442289384, "56": -123.71631743982768, "57": -123.70186045676151, "58": -123.68740347369534, "59": -123.67294649062917, "60": -123.658489507563, "61": -123.64403252449684, "62": -123.62957554143067, "63": -123.6151185583645, "64": -123.60066157529833, "65": -123.58620459223216, "66": -123.571747609166, "67": -123.55729062609983, "68": -123.54283364303366, "69": -123.52837665996749, "70": -123.51391967690132, "71": -123.49946269383516, "72": -123.48500571076899, "73": -123.47054872770282, "74": -123.45609174463665, "75": -123.44163476157048, "76": -123.42717777850432, "77": -123.41272079543815, "78": -123.39826381237198, "79": -123.38380682930581, "80": -123.36934984623964, "81": -123.35489286317348, "82": -123.34043588010731, "83": -123.32597889704114, "84": -123.31152191397497, "85": -123.2970649309088, "86": -123.28260794784264, "87": -123.26815096477647, "88": -123.2536939817103, "89": -123.23923699864413, "90": -123.22478001557796, "91": -123.2103230325118, "92": -123.19586604944563, "93": -123.18140906637946, "94": -123.16695208331329, "95": -123.15249510024712, "96": -123.13803811718095, "97": -123.12358113411479, "98": -123.10912415104862, "99": -123.09466716798245, "100": -123.08021018491628, "101": -123.06575320185011, "102": -123.05129621878395, "103": -123.03683923571778, "104": -123.02238225265161, "105": -123.00792526958544, "106": -122.99346828651927, "107": -122.9790113034531, "108": -122.96455432038694, "109": -122.95009733732077, "110": -122.9356403542546, "111": -122.92118337118843, "112": -122.90672638812227, "113": -122.8922694050561, "114": -122.87781242198993, "115": -122.86335543892376, "116": -122.8488984558576, "117": -122.83444147279143, "118": -122.81998448972526, "119": -122.80552750665909, "120": -122.79107052359292, "121": -122.77661354052675, "122": -122.76215655746059, "123": -122.74769957439442, "124": -122.73324259132825, "125": -122.71878560826208, "126": -122.70432862519591, "127": -122.68987164212975, "128": -122.67541465906358, "129": -122.66095767599741, "130": -122.64650069293124, "131": -122.63204370986507, "132": -122.6175867267989, "133": -122.60312974373274, "134": -122.58867276066657, "135": -122.5742157776004, "136": -122.55975879453423, "137": -122.54530181146806, "138": -122.5308448284019, "139": -122.51638784533573, "140": -122.50193086226956, "141": -122.48747387920339, "142": -122.47301689613722, "143": -122.45855991307106, "144": -122.44410293000489, "145": -122.42964594693872, "146": -122.41518896387255, "147": -122.40073198080638, "148": -122.38627499774022, "149": -122.37181801467405, "150": -122.35736103160788, "151": -122.34290404854171, "152": -122.32844706547554, "153": -122.31399008240938, "154": -122.29953309934321, "155": -122.28507611627704, "156": -122.27061913321087, "157": -122.2561621501447, "158": -122.24170516707854, "159": -122.22724818401237, "160": -122.2127912009462, "161": -122.19833421788003, "162": -122.18387723481386, "163": -122.1694202517477, "164": -122.15496326868153, "165": -122.14050628561536, "166": -122.12604930254919, "167": -122.11159231948302, "168": -122.09713533641686, "169": -122.08267835335069, "170": -122.06822137028452, "171": -122.05376438721835, "172": -122.03930740415218, "173": -122.02485042108601, "174": -122.01039343801985, "175": -121.99593645495368, "176": -121.98147947188751, "177": -121.96702248882134, "178": -121.95256550575517, "179": -121.938108522689, "180": -121.92365153962284, "181": -121.90919455655667, "182": -121.8947375734905, "183": -121.88028059042433, "184": -121.86582360735817, "185": -121.851366624292, "186": -121.83690964122583, "187": -121.82245265815966, "188": -121.8079956750935, "189": -121.79353869202733, "190": -121.77908170896116, "191": -121.76462472589499, "192": -121.75016774282882, "193": -121.73571075976265, "194": -121.72125377669649, "195": -121.70679679363032, "196": -121.69233981056415, "197": -121.67788282749798, "198": -121.66342584443181, "199": -121.64896886136565, "200": -121.63451187829948, "201": -121.62005489523331, "202": -121.60559791216714, "203": -121.59114092910097, "204": -121.5766839460348, "205": -121.56222696296864, "206": -121.54776997990247, "207": -121.5333129968363, "208": -121.51885601377013, "209": -121.50439903070396, "210": -121.4899420476378, "211": -121.47548506457163, "212": -121.46102808150546, "213": -121.44657109843929, "214": -121.43211411537312, "215": -121.41765713230696, "216": -121.40320014924079, "217": -121.38874316617462, "218": -121.37428618310845, "219": -121.35982920004228, "220": -121.34537221697612, "221": -121.33091523390995, "222": -121.31645825084378, "223": -121.30200126777761, "224": -121.28754428471144, "225": -121.27308730164528, "226": -121.25863031857911, "227": -121.24417333551294, "228": -121.22971635244677, "229": -121.2152593693806, "230": -121.20080238631444, "231": -121.18634540324827, "232": -121.1718884201821, "233": -121.15743143711593, "234": -121.14297445404976, "235": -121.1285174709836, "236": -121.11406048791743, "237": -121.09960350485126, "238": -121.08514652178509, "239": -121.07068953871892, "240": -121.05623255565276, "241": -121.04177557258659, "242": -121.02731858952042, "243": -121.01286160645425, "244": -120.99840462338808, "245": -120.98394764032192, "246": -120.96949065725575, "247": -120.95503367418958, "248": -120.94057669112341, "249": -120.92611970805724, "250": -120.91166272499107, "251": -120.8972057419249, "252": -120.88274875885874, "253": -120.86829177579257, "254": -120.8538347927264, "255": -120.83937780966023, "256": -120.82492082659407, "257": -120.8104638435279, "258": -120.79600686046173, "259": -120.78154987739556, "260": -120.7670928943294, "261": -120.75263591126323, "262": -120.73817892819706, "263": -120.72372194513089, "264": -120.70926496206472, "265": -120.69480797899855, "266": -120.68035099593239, "267": -120.66589401286622, "268": -120.65143702980005, "269": -120.63698004673388, "270": -120.62252306366771, "271": -120.60806608060155, "272": -120.59360909753538, "273": -120.57915211446921, "274": -120.56469513140304, "275": -120.55023814833687, "276": -120.5357811652707, "277": -120.52132418220454, "278": -120.50686719913837, "279": -120.4924102160722, "280": -120.47795323300603, "281": -120.46349624993987, "282": -120.4490392668737, "283": -120.43458228380753, "284": -120.42012530074136, "285": -120.4056683176752, "286": -120.39121133460903, "287": -120.37675435154286, "288": -120.36229736847669, "289": -120.34784038541052, "290": -120.33338340234435, "291": -120.31892641927818,